1,'fevereiro',2017,'Valor','BNDES encolhe e volta ao nível de 20 anos atrás'
1,'fevereiro',2017,'Valor','BC cria novo instrumento de política monetária.'
1,'fevereiro',2017,'Valor','Câmbio gera bate-boca entre UA e UE.'
1,'fevereiro',2017,'Valor','Indenização a transmissoras de energia já chega à tarifa.'
1,'fevereiro',2017,'Valor','Políticos esperam que relator separe "joio do trigo".'
1,'fevereiro',2017,'Valor','Philips quer administrar hospitais públicos no Brasil.'
1,'fevereiro',2017,'Valor','Com vendas em queda, C&amp;C muda lojas e troca diretoria.'
1,'fevereiro',2017,'Globo','Fachin poderá ir para turma que julga Lava-Jato.'
1,'fevereiro',2017,'Globo','Eike tem multas que superam fundo para prisões.'
1,'fevereiro',2017,'Globo','Operador pagou decoração de luxo de imóveis de Cabral.'
1,'fevereiro',2017,'Globo','Drama do desemprego está longe de diminuir.'
1,'fevereiro',2017,'Globo','BC prevê queda da inflação a 3%.'
1,'fevereiro',2017,'Globo','Boicote atrasa governo Trump.'
1,'fevereiro',2017,'Globo','Crivella negocia Vila dos Atletas.'
1,'fevereiro',2017,'Folha','Crise amplia diferença de salário entre CLT e servidor.'
1,'fevereiro',2017,'Folha','Governo faz cortes após déficit recorde de R$ 155,7 bilhões.'
1,'fevereiro',2017,'Folha','Vitória é dada como certa no Senado, e PMDB mira comissão.'
1,'fevereiro',2017,'Folha','Operador diz que repatriou propina de Eike a Cabral.'
1,'fevereiro',2017,'Folha','Doria quer punir pichadores com multa pesada e trabalho de gari.'
1,'fevereiro',2017,'Folha','Pedro Parente: Brasil não deveria ter desapreço ao capital estrangeiro.'
1,'fevereiro',2017,'Folha','Trump indica juiz conservador para a Suprema Corte.'
1,'fevereiro',2017,'Folha','Obter visto para os EUA fica mais difícil para os brasileiros.'
1,'fevereiro',2017,'Estado','Financiamentos do BNDES têm maior queda em 22 anos.'
1,'fevereiro',2017,'Estado','Sorteio na 2ª Turma do STF definirá relator da Lava-Jato.'
1,'fevereiro',2017,'Estado','Desemprego atinge 12%.'
1,'fevereiro',2017,'Estado','Trump põe juiz conservador na Suprema Corte americana.'
1,'fevereiro',2017,'Estado','Brasil e EUA definem nomes de monitores da Odebrecht.'
1,'fevereiro',2017,'Estado','Mais brasileiros terão de fazer entrevista para visto.'
1,'março',2017,'Valor','Indenização a teles por bens reversíveis custaria R$ 20 bi'
1,'março',2017,'Valor','Supervia não paga e pede indenização.'
1,'março',2017,'Valor','Para Alemanha, agenda do clima resiste a Trump.'
1,'março',2017,'Valor','Governo Macri foi "ingênuo" sobre volta dos investimentos.'
1,'março',2017,'Valor','Doria atribui doações a altruísmo empresarial.'
1,'março',2017,'Valor','Investimentos das estatais devem ter execução recorde.'
1,'março',2017,'Valor','XP fica cada vez mais distante de suas origens.'
1,'março',2017,'Globo','Fé da Mangueira leva Estandarte.'
1,'março',2017,'Globo','MP vai exigir regras de segurança para alegorias.'
1,'março',2017,'Globo','O carnaval de peito aberto dos blocos.'
1,'março',2017,'Globo','Trump agora acena com legalização de imigrantes.'
1,'março',2017,'Globo','Sem Padilha, Temer assume articulação de reformas.'
1,'março',2017,'Globo','Conheça as mudanças na declaração do IR.'
1,'março',2017,'Folha','Comissão rejeita pilares da nova Previdência.'
1,'março',2017,'Folha','Propostas radicais têm chance política.'
1,'março',2017,'Folha','Elio Gaspari: Presidente bate recorde em perda de colaboradores.'
1,'março',2017,'Folha','Hélio Schwartsman: Puxadinho vira estratégia para evitar confrontos.'
1,'março',2017,'Folha','No desempate, Tatuapé vence pela 1ª vez em SP.&nbsp;'
1,'março',2017,'Folha','Trump pode desistir de expulsar ilegais sem crime grave.'
1,'março',2017,'Folha','Maioria da torcida em SP não sabe nome de jogador.'
1,'março',2017,'Estado','Crédito para famílias supera pela primeira vez o de empresas.'
1,'março',2017,'Estado','Protecionismo de trump pode afetar o Brasil, diz Azevêdo.'
1,'março',2017,'Estado','Janor pede que Aécio seja ouvido sobre Furnas no STF.'
1,'março',2017,'Estado','Tatuapé comemora um título inédito.'
1,'março',2017,'Estado','Acidentes ferem 32 na Sapucaí.'
1,'março',2017,'Estado','Rede Fnac vai deixar o país.'
1,'março',2017,'Estado','Doria anuncia o Nota do Milhão.'
1,'junho',2017,'Valor','Donos da JBS assumem ônus do acordo de leniência.'
1,'junho',2017,'Valor','Novo Refis traz descontos em juros e multas.'
1,'junho',2017,'Valor','Crise leva BC a reduzir ritmo de corte de juro.'
1,'junho',2017,'Valor','Corrupção distorce competição, diz Iedi.'
1,'junho',2017,'Valor','Tucanos da Câmara e de SP querem romper com Temer.'
1,'junho',2017,'Valor','Latam reforça busca de rentabilidade.'
1,'junho',2017,'Globo','Ministro tem posse esvaziada, e Temer sofre revés no STF.'
1,'junho',2017,'Globo','Senadores amenizam fim do foro privilegiado.'
1,'junho',2017,'Globo','Senado aprova eleições diretas.'
1,'junho',2017,'Globo','Marco Aurélio levará pedido de prisão de Aécio ao plenário.'
1,'junho',2017,'Globo','Em áudio, tucano tenta interferir na delação da Andrade Gutierrez.'
1,'junho',2017,'Globo','Joesley deu dinheiro a firma da qual filho de Mantega foi sócio.'
1,'junho',2017,'Globo','JBS faz acordo para pagar R$ 10,3 bi em 25 anos; ações sobem.'
1,'junho',2017,'Globo','Incerteza leva BC a cortar menos os juros'
1,'junho',2017,'Globo','O passado bate à porta.'
1,'junho',2017,'Globo','Andreas von Richthofen: A vida pelo avesso.'
1,'junho',2017,'Globo','Facção ordena morte de agentes.'
1,'junho',2017,'Folha',' BC cita impacto da crise e diz que juro cairá menos.'
1,'junho',2017,'Folha','Planalto aponta "falha sistêmica" na diplomacia.'
1,'junho',2017,'Folha','Em um ano, país ganha 2,6 milhões de desempregados.'
1,'junho',2017,'Folha','Governo prevê dívida fixa e fim de carência no Fies.'
1,'junho',2017,'Folha','Novo ministro da Justiça sinaliza que comando da PF será trocado.'
1,'junho',2017,'Folha','Em acordo, dona da JBS obtém prazo e juros favoráveis.'
1,'junho',2017,'Estado','Senado aprova fim do foro, mas blinda político de prisão.'
1,'junho',2017,'Estado','Ala do PSDB articula saída do governo antes de julgamento.'
1,'junho',2017,'Estado','Fachin mantém depoimento de Temer.'
1,'junho',2017,'Estado','BC reduz Selic para 10,25% e indica ritmo menor de corte.'
1,'junho',2017,'Estado','Atentado mata 90 pessoas em Cabul.'
1,'junho',2017,'Estado','Teatro Municipal de SP deve &nbsp;R$ 1,6 milhão a estrangeiros.'
1,'junho',2017,'Estado','Citado em delação vai dirigir fundo do FGTS'
1,'junho',2017,'Estado','Trump deve desistir de acordo climático.'
1,'dezembro',2016,'Valor','Reforma moderniza lei e dá mais poder a sindicatos.'
1,'dezembro',2016,'Valor','EUA vão fiscalizar Odebrecht e Braskem.'
1,'dezembro',2016,'Valor','Temer: ''Nunca caí de pinguela''.'
1,'dezembro',2016,'Valor','Saque do FGTS não terá limite.'
1,'dezembro',2016,'Valor','Violência no Rio: Assassinatos sobem 41,37%.'
1,'dezembro',2016,'Globo','Câmara provoca forte reação ao desfigurar pacote anticorrupção.'
1,'dezembro',2016,'Globo','País deve enfrentar a recessão mais intensa.'
1,'dezembro',2016,'Globo','Colômbia confirma que avião não tinha combustível ao cair.'
1,'dezembro',2016,'Folha','Recessão prolongada no país eleva pessimismo sobre 2017.'
1,'dezembro',2016,'Folha','"Falha elétrica total, sem combustível", avisou piloto.'
1,'dezembro',2016,'Folha','Pasquale Cipro Neto: Tragédia do Torino povoa imaginário desde a infância.'
1,'dezembro',2016,'Folha','Senado nega apoio à Câmara em embate com STF sobre aborto.'
1,'dezembro',2016,'Folha','Após ameaça Renan perde em manobra contra Lava-Jato.'
1,'dezembro',2016,'Folha','Presidente Temer corre risco de não chegar a 2018, diz Joaquim Barbosa.'
1,'dezembro',2016,'Folha','Regime de Cuba é o que mais matou na América. '
1,'dezembro',2016,'Estado','Força-tarefa ameaça abandonar Lava-Jato; aumenta tensão entre Poderes.'
1,'dezembro',2016,'Estado','Renan tenta votar medidas, mas fracassa.'
1,'dezembro',2016,'Estado','A volta dos panelaços: protestos agora miram Congresso.'
1,'dezembro',2016,'Estado','Falta de combustível derrubou avião, diz Colômbia.'
1,'dezembro',2016,'Estado','PIB cai pelo sétimo trimestre seguido; projeções pioram.'
1,'dezembro',2016,'Estado','"Falha total, falha elétrica total", avisou piloto à torre'
1,'dezembro',2016,'Estado','Empresa LaMia teve 4 voos negados no Brasil,'
1,'dezembro',2016,'Estado','Barroso pede "políticas melhores" sobre aborto.'
1,'dezembro',2016,'Estado','Entidades criticam quebra de sigilo de jornalista.'
1,'dezembro',2016,'Estado','Congresso colombiano ratifica acordo com Farc.'
2,'janeiro',2017,'Valor','Agronegócio volta a investir para produzir safra recorde.'
2,'janeiro',2017,'Valor','Brasil tenta resistir ao avanço chinês.'
2,'janeiro',2017,'Valor','Prefeitos assumem para administrar crise.'
2,'janeiro',2017,'Valor','Grupos contra Trump vão protestar no dia da posse.'
2,'janeiro',2017,'Valor','Inteligência artificial dita os avanços da TI.'
2,'janeiro',2017,'Valor','Investidor influencia pouco a reforma do Novo Mercado.'
2,'janeiro',2017,'Valor','População de idosos cresce mai na AL.'
2,'janeiro',2017,'Globo','Crivella anuncia corte de gastos e mudanças no IPTU.'
2,'janeiro',2017,'Globo','A volta do pastor: Em nome de Deus e do tio.'
2,'janeiro',2017,'Globo','Alguns dos decretos.'
2,'janeiro',2017,'Globo','Na Baixada, posses em meio a crises e até calamidade.'
2,'janeiro',2017,'Globo','Austeridade é a promessa dos novos prefeitos.'
2,'janeiro',2017,'Globo','Em SP, cerimônia alckmista.'
2,'janeiro',2017,'Folha','Doria prega conciliação e diz que recuará quando preciso.'
2,'janeiro',2017,'Folha','Homem mata a tiros ex-mulher, filho e mais dez.'
2,'janeiro',2017,'Folha','Ataque deixa 39 mortos em clube em Istambul.'
2,'janeiro',2017,'Folha','Ronaldo Lemos: Estados ignoram privacidade de contribuintes.'
2,'janeiro',2017,'Folha','Crise econômica afeta inovação das empresas.'
2,'janeiro',2017,'Folha','Mônica Bergamo: Fiesp projeta um impulso maior da indústria em 2017.'
2,'janeiro',2017,'Folha','Entrevista na 2ª: James T. Hamilton: Sociedade lucra com jornalismo investigativo.'
2,'janeiro',2017,'Estado','Prefeitos tomam posse com discurso contra gasto e cargos.'
2,'janeiro',2017,'Estado','Doria deixa privatizações para 2018.'
2,'janeiro',2017,'Estado','"Reforma da Previdência será aprovada no 1º semestre".'
2,'janeiro',2017,'Estado','Turquia caça atirador que matou 39 em boate.'
2,'janeiro',2017,'Estado','Homem mata ex, filho e mais dez em réveillon.'
2,'janeiro',2017,'Estado','Brasileiros vão para o Paraguai abrir fábricas.'
2,'maio',2017,'Valor','Cenário é favorável à retomada.'
2,'maio',2017,'Valor','Construtoras da lava-jato legalizam dinheiro sujo.'
2,'maio',2017,'Valor','McDermott: de garoto pobre a executivo de primeira linha.'
2,'maio',2017,'Valor','Delações privilegiam "tubarões".'
2,'maio',2017,'Valor','Trabalhador rural pode vir a ser pago com casa.'
2,'maio',2017,'Valor','Jornal premia os "executivos de Valor 2017".'
2,'maio',2017,'Valor','Ativistas contra os ovos de galinhas confinadas.'
2,'maio',2017,'Globo','Maduro convovca constituinte, e oposição denuncia golpe.'
2,'maio',2017,'Globo','As revelações da ex-secretária de Adriana ancelmo.'
2,'maio',2017,'Globo','Na cadeia, cunha lava as marmitas.'
2,'maio',2017,'Globo','Ataque deixa índios feridos.'
2,'maio',2017,'Globo','Temer cobra apoio da base para votar já a Previdência.'
2,'maio',2017,'Globo','Cehab corre até risco de despejo.'
2,'maio',2017,'Globo','Prefeitura caça e pune fantasmas.'
2,'maio',2017,'Globo','Jovens estudam com medo.'
2,'maio',2017,'Folha','Brasileiros estão menos pessimistas com a economia.'
2,'maio',2017,'Folha','Debate sobre a Previdência deve ir além do fiscal.'
2,'maio',2017,'Folha','Governo deve adiar votação na Câmara da nova aposentadoria.'
2,'maio',2017,'Folha','Ataque fere mais de dez indígenas no Maranhão.'
2,'maio',2017,'Folha','Agenda de ministro privilegia ruralistas e deixa índio de fora.'
2,'maio',2017,'Folha','Maduro convoca Constituinte sem voto universal.'
2,'maio',2017,'Estado','Exportação alavanca empregos em 13 de 25 setores da economia.'
2,'maio',2017,'Estado','1º de maio tem protestos de centrais contra Temer.'
2,'maio',2017,'Estado','Manoel Pires: "Sem reforma é difícil ver alternativa".'
2,'maio',2017,'Estado','Cervejaria apontada como laranja doou a 81 políticos.'
2,'maio',2017,'Estado','Índio tem as mãos cortadas no Maranhão.'
2,'maio',2017,'Estado','Mãe pega pena de 48 anos por torturar a filha.'
2,'maio',2017,'Estado','Trump aceita debater Coreia com Kim Jong-un.'
2,'maio',2017,'Estado','Cesar Cielo tenta retomar carreira.'
2,'agosto',2017,'Valor','Temer joga tudo para barrar denúncia com votação alta'
2,'agosto',2017,'Valor','Juros caem e mercado já vê Selic a 7,5%'
2,'agosto',2017,'Valor','MP busca o apoio de ruralistas'
2,'agosto',2017,'Valor','Governo poupa, mas não pode gastar'
2,'agosto',2017,'Globo','Temer vai ao limite'
2,'agosto',2017,'Globo','Lula é réu no caso do sítio de Atibaia'
2,'agosto',2017,'Globo','ONU e países reagem a Maduro'
2,'agosto',2017,'Globo','Meta de 2018 pode ser revista'
2,'agosto',2017,'Folha','Em ofensiva, Temer afaga ruralistas e o ''baixo clero'''
2,'agosto',2017,'Folha','Lula se torna réu pela 6ª vez, agora no caso do sítio em SP'
2,'agosto',2017,'Folha','Justiça condena à prisão braço direito de Abilio Diniz'
2,'agosto',2017,'Folha','Chavismo volta a prender rivais do governo Maduro'
2,'agosto',2017,'Estado','Temer faz corpo a corpo em busca de ''indefinidos'''
2,'agosto',2017,'Estado','Lula vira réu pela 6ª vez, agora no caso do sítio de Atibaia'
2,'agosto',2017,'Estado','Gilmar ataca Janot e pede ''decência'' à PGR'
2,'agosto',2017,'Estado','Governo abre mão de R$ 5,4 bilhões com ''Refis rural'''
3,'abril',2017,'Valor','Mercado de capitais já supera crédito do BNDES.'
3,'abril',2017,'Valor','Inativo leva 40% da folha nos Estados.'
3,'abril',2017,'Valor','Credores da Oi defendem intervenção.'
3,'abril',2017,'Valor','UE usa caso da carne para pedir abertura.'
3,'abril',2017,'Valor','Novo rotativo do cartão entra em vigor hoje.'
3,'abril',2017,'Globo','País deve arrecadar R$ 24 bilhões com pré-sal.'
3,'abril',2017,'Globo','Lucro cresce, mas serviço de água e esgoto da Cedae fica estagnado.'
3,'abril',2017,'Globo','TSE tem sido contra separação de chapa.'
3,'abril',2017,'Globo','Candidato de Correa lidera apuração.'
3,'abril',2017,'Globo','Venezuela já fez 58 ataques à Assembleia.</p'
3,'abril',2017,'Folha','Regra gera abismo entre datas de aposentadorias.'
3,'abril',2017,'Folha','Equador deixa governista em 1º após 94% dos votos apurados.'
3,'abril',2017,'Folha','Para Maduro, Mercosul critica de forma seletiva.'
3,'abril',2017,'Folha','Temor de mais repressão esvazia ruas de Assunção.'
3,'abril',2017,'Folha','Doria zera fila de exames, e outra surge em seu lugar.'
3,'abril',2017,'Estado','TST defende fim de cobrança obrigatória do imposto sindical.'
3,'abril',2017,'Estado','Ações da Lava-Jato pedem R$ 70 bilhões de indenização.'
3,'abril',2017,'Estado','Candidato de Correa vence no Equador, diz apuração oficial.'
3,'abril',2017,'Estado','Entra em vigor regra que limita juro do cartão.'
3,'abril',2017,'Estado','Pão de Açúcar foca no atacarejo.'
3,'julho',2017,'Valor','Analistas já preveem dívida bruta acima de 80% do PIB.'
3,'julho',2017,'Valor','Governo estuda outras medidas para previdência.'
3,'julho',2017,'Valor','PIB já se afastou da política, diz CEO da Bosch.'
3,'julho',2017,'Valor','Segurança nacional dos EUA ameaça comércio.'
3,'julho',2017,'Valor','As gigantes se conectam às startups.'
3,'julho',2017,'Valor','Deloitte usa fraude no Brasil para reforçar política de tolerância zero.'
3,'julho',2017,'Valor','Google dá 84 dias de licença paternidade.'
3,'julho',2017,'Globo','Proprietário já oferece até aluguel grátis por três meses.'
3,'julho',2017,'Globo','Planalto mapeia votos para evitar traições.'
3,'julho',2017,'Globo','As flechas de Janot.'
3,'julho',2017,'Globo','Jacob Barata Filho é preso.'
3,'julho',2017,'Globo','Trump volta a "socar" a imprensa.'
3,'julho',2017,'Globo','A luta pela vida do bebê baleado.'
3,'julho',2017,'Globo','Missão de fé: O padre da Cracolândia.'
3,'julho',2017,'Folha','Apoio à esquerda sobe e repõe empate ideológico.'
3,'julho',2017,'Folha','Mauro Paulino: Pesquisa mostra desalento e medo da sociedade.'
3,'julho',2017,'Folha','Tucanos criam dificuldades para Doria na Câmara.'
3,'julho',2017,'Folha','JBS usava rede de mercados para ter dinheiro vivo.'
3,'julho',2017,'Folha','Delfim Netto: Brasil deixou poder privado controlar o poder político.'
3,'julho',2017,'Folha','Tiroteio em frente a mesquita fere ao menos 8 na França.'
3,'julho',2017,'Folha','Crescem juros de crédito pessoal e de renegociação.'
3,'julho',2017,'Folha','Luiz Felipe Pondé: É preciso pensar na longevidade para além do marketing.'
3,'julho',2017,'Estado','Gasto federal deve crescer o dobro do permitido pela lei.'
3,'julho',2017,'Estado','Nenhum partido apoio a Temer.'
3,'julho',2017,'Estado','OMS quer que vício em games seja distúrbio psiquiátrico.'
3,'julho',2017,'Estado','Trump faz vídeo de ataque à CNN.'
3,'julho',2017,'Estado','Do vinho de garrafão a prêmios no exterior.'
14,'junho',2017,'Valor','Arrecadação de impostos cai mais e dificulta ajuste.'
14,'junho',2017,'Valor','São Paulo dá sequência à venda da Cesp.'
14,'junho',2017,'Valor','EUA autorizam confisco de bens da Venezuela.'
14,'junho',2017,'Valor','Bancosw vão ao MPF fazer consulta sobre leniência.'
14,'junho',2017,'Valor','Estée Lauder vê expansão no Brasil no longo prazo.'
14,'junho',2017,'Valor','PSDB apoia Temer para salvar Aécio, diz Reale.'
14,'junho',2017,'Valor','De volta ao país, Joesley falará de novo à PGR.'
14,'junho',2017,'Globo','A primeira sentença pela "ganância desmedida".'
14,'junho',2017,'Globo','Vítimas da crise e da corrupção tentam sobreviver.'
14,'junho',2017,'Globo','Em busca de apoio, Temer negocia dívida de Estados.'
14,'junho',2017,'Globo','Supremo mantém irmã de Aécio na cadeia.&nbsp;'
14,'junho',2017,'Globo','Cunha depõe hoje em inquérito sobre Temer.'
14,'junho',2017,'Globo','Contra a censura, notícias viajam.'
14,'junho',2017,'Globo','Com FGTS, varejo volta a crescer.'
14,'junho',2017,'Globo','Entidades repudiam agressão a Míriam.'
14,'junho',2017,'Globo','Tecnologia no dia a dia.'
14,'junho',2017,'Globo','Escândalo afasta dirigente do Uber.'
14,'junho',2017,'Globo','Crivella e o samba: Zero em harmonia.'
14,'junho',2017,'Folha','Sérgio Cabral é condenado a 14 anos na Lava-Jato.'
14,'junho',2017,'Folha','STF deve julgar pedido de prisão de Aécio no dia 20.'
14,'junho',2017,'Folha','Marcelo Coelho: Toda a sociedade está em processo de desmoralização.'
14,'junho',2017,'Folha','Varejo surpreende e interrompe dois anos de retração.'
14,'junho',2017,'Folha','Temer prevê livros sem a versão final da vase curricular.'
14,'junho',2017,'Folha','Venezuela impede ativistas presos de contatarem defesa.'
14,'junho',2017,'Folha','Instituto de Gilmar teve patrocínio de R4 2,1 mi da J&amp;F.'
14,'junho',2017,'Folha','Joesley retorna ao país e diz que não passeava em NY.'
14,'junho',2017,'Estado','Senado se recusa a afastar Aécio; STF mantém irmã presa.'
14,'junho',2017,'Estado','Joesley está no país desde domingo.'
14,'junho',2017,'Estado','Relator quer MP do Refis mais favorável a empresas.'
14,'junho',2017,'Estado','Moro condena Cabral a 14 anos de prisão por corrupção.'
14,'junho',2017,'Estado','Rotina precária nos hospitais universitários do interior de SP.'
14,'junho',2017,'Estado','A um ano da Copa, só Rússia, Brasil e Irã estão garantidos.'
14,'junho',2017,'Estado','Coreia do Norte liberta americano.'
14,'junho',2017,'Estado','Azul amplia frota e oferta de voos.'
14,'junho',2017,'Estado','Incêndio em Londres.'
15,'agosto',2017,'Valor','TLP provoca discórdias entre economistas e no governo'
15,'agosto',2017,'Valor','Adiado o fim da "novela" do déficit fiscal'
15,'agosto',2017,'Valor','Alternativas para privatizar distribuidoras'
15,'agosto',2017,'Valor','Cunha e Palocci frustram investigadores'
15,'agosto',2017,'Globo','Pressão de aliados dificulta a revisão do rombo fiscal'
15,'agosto',2017,'Globo','Câmara tenta driblar fim das coligações'
15,'agosto',2017,'Globo','Direito de ir e vir à mercê do tráfico'
15,'agosto',2017,'Globo','Trump fala, mas não convence'
15,'agosto',2017,'Folha','Rio em crise tem um PM morto a cada dois dias'
15,'agosto',2017,'Folha','Disputa entre alas do governo adia anúncio da nova meta fiscal'
15,'agosto',2017,'Folha','JBS divulga lucro 80% menor após acordo de delação'
15,'agosto',2017,'Folha','Relator recebia votos prontos, diz delator da Zelotes'
15,'agosto',2017,'Estado','MPF diz que Joesley omitiu crime e quer cobrar R$ 1 bi'
15,'agosto',2017,'Estado','Insegurança afeta 1 em 3 empresas'
15,'agosto',2017,'Estado','Governo quer elevar alíquota previdenciária de servidores'
15,'agosto',2017,'Estado','Sob pressão, Fazenda adia anúncio da meta'
15,'maio',2017,'Valor','Depois de porto e aeroporto, governo privatiza ferrovia.'
15,'maio',2017,'Valor','Temer pode dobrar gaixa de isenção do IR.'
15,'maio',2017,'Valor','"Sucessão em 2018 dificulta retomada", diz Armínio Fraga.'
15,'maio',2017,'Valor','XP quer ser líder em cinco anos.'
15,'maio',2017,'Valor','Europol alerta para novo ciberataque.'
15,'maio',2017,'Valor','Tribunal é mais duro que Moro.'
15,'maio',2017,'Valor','A gestão incomum de Norberto na DPaschoal.&nbsp;'
15,'maio',2017,'Globo','Estados vão privatizar empresas de gás natural.'
15,'maio',2017,'Globo','Guerras entre traficantes provocam êxodo em favelas.'
15,'maio',2017,'Globo','É isso mesmo, Temer?'
15,'maio',2017,'Globo','Conflito entre órgãos pode frear delações.'
15,'maio',2017,'Globo','Macron promete um "renascimento".'
15,'maio',2017,'Folha','Números mostram baixa eficácia da polícia paulista.'
15,'maio',2017,'Folha','Guido Mantega: Perdi minha reputação, minha vida virou um inferno.'
15,'maio',2017,'Folha','Conta para o PT teve R$ 324 milhões da Odebrecht, dizem delatores.'
15,'maio',2017,'Folha','Reformas elevam dispersão na base de apoio a Temer.'
15,'maio',2017,'Folha','Bolsonaro, em 1987, admitiu ato de indisciplina.'
15,'maio',2017,'Folha','Ruy Castro: Sem matemática, ninguém enfrentará mundo cibernético.'
15,'maio',2017,'Folha','Garços temem perder renda com nova lei das gorjetas.'
15,'maio',2017,'Estado','Procuradores preparam novo inquérito contra Lula.'
15,'maio',2017,'Estado','Empreiteiros serãoouvidos sobre ações na América Latina.'
15,'maio',2017,'Estado','Presidente do BNDES diz que banco quer saber se foi usado.'
15,'maio',2017,'Estado','"Itaú não vai interferir", diz dono da XP.'
15,'maio',2017,'Estado','Macron faz promessa de "França forte".'
15,'maio',2017,'Estado','Mãe recupera guarda de filho levado aos EUA.'
15,'maio',2017,'Estado','Gato com fuzi em SP cresce 73 vezes,'
15,'maio',2017,'Estado','Ataque cibernético já atige 150 países.'
15,'março',2017,'Valor','Lista de Janot tem cinco ministros, Maia e Eunício.'
15,'março',2017,'Valor','Governo define proposta para umaq nova TJLP.'
15,'março',2017,'Valor','Mais tempo para votar a Previdência.'
15,'março',2017,'Valor','Arrecadação teve alta real em fevereiro.'
15,'março',2017,'Valor','Takeda muda comando no Brasil e mira aquisições.'
15,'março',2017,'Valor','A nova aposta da JBS nos EUA.'
15,'março',2017,'Valor','Alemanha propõe rigor e multa para notícia falsa.'
15,'março',2017,'Globo','Lista de Janot inclui Lula, Dilma, Aécio, Serra, Maia, Eunício, Padilha, Kassab, Moreira, Aloysio, Renan, Jucá, Palocci, Mantega, Lobão...'
15,'março',2017,'Globo','"Estamos na guerra", diz senador.'
15,'março',2017,'Globo','Editorial: Prêmios excessivos a delações na Lava-Jato.'
15,'março',2017,'Globo','Partidos e TSE querem fundo para eleições.'
15,'março',2017,'Globo','Dois são presos por propina na Linha 4 do Metrô.'
15,'março',2017,'Globo','Pezão desiste de nomear ré da Lava-Jato.'
15,'março',2017,'Globo','Crivella desiste de nomear irmão de Freixo.'
15,'março',2017,'Globo','Temer pode desistir de políticos para Itaipu.'
15,'março',2017,'Globo','Desigualdade sobe com piora no emprego.'
15,'março',2017,'Globo','Conta da Light aumenta 9,8% a partir de hoje.'
15,'março',2017,'Globo','Tratamento contra câncer é falho no rio.'
15,'março',2017,'Globo','Febre amarela: um milhão já foi vacinado.'
15,'março',2017,'Globo','Alemanha quer multar por notícias falsas.'
15,'março',2017,'Globo','Holanda vai às urnas com 60% de indecisos.'
15,'março',2017,'Folha','Lista de Janot inclui 5 ministros de Temer, além de Lula e Aécio.'
15,'março',2017,'Folha','Ex-presidente depõe e diz que é vítima de "quase um massacre".'
15,'março',2017,'Folha','Citados preveem fase crítica por até quatro meses.'
15,'março',2017,'Folha','Bernardo Mello Franco: Pedido cai como bomba nuclear na capital federal.'
15,'março',2017,'Folha','Casos de suspeita de dengue e zika caem, em média, 90% no ano.'
15,'março',2017,'Folha','Protesto contra reformas deve parar ônibus e metrô.'
15,'março',2017,'Folha','Tempestade cobre NY de neve e finda primavera precoce.'
15,'março',2017,'Folha','Eleição holandesa gera ansiedade entre imigrantes.'
15,'março',2017,'Estado','Janot pede investigação de Lula, Dilma e 5 ministros de Temer.'
15,'março',2017,'Estado','Gasto com salário de servidores 10% e supera teto.'
15,'março',2017,'Estado','Governo ignora se 2/3 dos casos são febre amarela.'
15,'fevereiro',2017,'Valor','Fisco cobra multa extra de quem aderiu à repatriação.'
15,'fevereiro',2017,'Valor','Resistência jurídica pode parar Trump.'
15,'fevereiro',2017,'Valor','Morre Edson Bueno, 73, um empreendedor da saúde.'
15,'fevereiro',2017,'Valor','Crédito parcelado do cartão custará mais de 154% ao ano.'
15,'fevereiro',2017,'Valor','Toshiba encolhe, perde US$ 6,3 bi e pede desculpas.'
15,'fevereiro',2017,'Valor','Dinheiro sumiu para blocos de carnaval do Rio.'
15,'fevereiro',2017,'Globo','Saque do FGTS ajudará na retomada.'
15,'fevereiro',2017,'Globo','Celso de Mello defende STF e mantém Moreira ministro.'
15,'fevereiro',2017,'Globo','Velloso pode comandar a Justiça.'
15,'fevereiro',2017,'Globo','Rombo no caixa do Rio só cresce.'
15,'fevereiro',2017,'Globo','A lavanderia e as joias de Cabral.'
15,'fevereiro',2017,'Globo','Joesley: "Isso não vai adiante".'
15,'fevereiro',2017,'Globo','Ligações russas sob investigação.'
15,'fevereiro',2017,'Globo','Obituário: Edson Bueno, fundador da Amil.'
15,'fevereiro',2017,'Folha','Doria inclui mais pobres e tira jovens do Leve Leite.'
15,'fevereiro',2017,'Folha','Temer afirma que não é inimigo nem censor da imprensa.'
15,'fevereiro',2017,'Folha','Bernardo Mello Franco: Beijão-mão expõe Moraes a cenas constrangedoras.'
15,'fevereiro',2017,'Folha','Celso de Mello, do STF, mantém moreira Franco em ministério.'
15,'fevereiro',2017,'Folha','Conselheiro pede demissão, e Trump sofre a 1ª baixa.'
15,'fevereiro',2017,'Folha','Presidente da J&amp;F diz que não deixará chefia da empresa.'
15,'fevereiro',2017,'Folha','Tire suas dúvidas sobre calendário e como sacar o dinehiro do FGTS.'
15,'fevereiro',2017,'Estado',' Supremo mantém Moreira Franco ministro e com foro.'
15,'fevereiro',2017,'Estado','Em dez anos, Exército atuou em Estados em 1 a cada 3 dias.'
15,'fevereiro',2017,'Estado','Câmara de SP aprova multa para pichadores.'
15,'fevereiro',2017,'Estado','Rússia causa demissão no alto escalão de Trump.'
15,'fevereiro',2017,'Estado','Enfarte mata Edson Bueno, fundador da Amil.'
15,'fevereiro',2017,'Estado','Dólar cai para R$ 3,09, menor valor desde 2015.'
17,'janeiro',2017,'Valor','Dobra o otimismo de CEOs e Bradesco vê início de virada.'
17,'janeiro',2017,'Valor','Moody''s deve melhorar nota da Petrobras.'
17,'janeiro',2017,'Valor','Analistas veem aumento das importações.'
17,'janeiro',2017,'Valor','Óculos e lentes se unem em negócio de US$ 49 bilhões.'
17,'janeiro',2017,'Valor','Polícia de SP alerta para ataque do PCC.'
17,'janeiro',2017,'Valor','Alemanha reagirá a guerra fiscal.'
17,'janeiro',2017,'Valor','Rolls Royce vai pagar US$ 26 mi à Petrobras.'
17,'janeiro',2017,'Valor','Basquete quer voltar a ser o segundo esporte do país.'
17,'janeiro',2017,'Globo','Prisão rebelada tem presos fora das celas desde 2015.'
17,'janeiro',2017,'Globo','Críticas de Trump provocam forte reação da Europa.'
17,'janeiro',2017,'Globo','O poder mora ao lado.'
17,'janeiro',2017,'Globo','Febre amarela avança para o litoral.'
17,'janeiro',2017,'Globo','Rolls-Royce vai devolver R$ 2,6 bi.'
17,'janeiro',2017,'Globo','Merendeira vai gerir transportes.'
17,'janeiro',2017,'Globo','Tem dendê na folia.'
17,'janeiro',2017,'Folha','Estados pressionam Temer por papel da Força Nacional.'
17,'janeiro',2017,'Folha','Hélio Shwartsman: É preciso prender menos e legalizar o uso de drogas.'
17,'janeiro',2017,'Folha','Rolls-Royce admite ter pago propina e devolverá R$ 83 mi.'
17,'janeiro',2017,'Folha','União teve perda menor de receita no final de 2016.'
17,'janeiro',2017,'Folha','Chefe do Bradesco vê reação mais forte do Brasil em 2018.'
17,'janeiro',2017,'Folha','Demoratas vão boicotar a posse de Donald Trump.'
17,'janeiro',2017,'Folha','Anvisa aprova o 1º medicamento à base de maconha.'
17,'janeiro',2017,'Estado','62 municípios decretam calamidade em busca de recursos.'
17,'janeiro',2017,'Estado','Aeronáutica quer privatizar controle do tráfego aéreo.'
17,'janeiro',2017,'Estado','Executivos estão confiantes, mas não pretendem contratar.'
17,'janeiro',2017,'Estado','Minas investiga 47 mortes por febre amarela.'
17,'janeiro',2017,'Estado','Candidatos na Câmara apoiam lei de abuso.'
17,'janeiro',2017,'Estado','STF interpela Maia sobre reeleição.'
17,'janeiro',2017,'Estado','UE e Otan reagem a ataques de Trump.'
17,'janeiro',2017,'Estado','Anvisa libera remédio derivado da maconha.'
17,'julho',2017,'Valor','Governo deve retomar agenda para aviação.'
17,'julho',2017,'Valor','Crédito rural passa por “apertos”.'
17,'abril',2017,'Valor','Delações trazem mapa das contrapartidas a doações.'
17,'abril',2017,'Valor','Legislativo criou balcão de venda de Mps.'
17,'abril',2017,'Valor','Depoimentos aumentam cisão no PT.'
17,'abril',2017,'Valor','Odebrecht ameaçou Dilma por proteção.'
17,'abril',2017,'Valor','Moro deve julgar Temer após mandato.'
17,'abril',2017,'Globo','Investigados no STF podem ter penas de até 22 anos.'
17,'abril',2017,'Globo','"Padrinhos" da Odebrecht evitavam conflitos.'
17,'abril',2017,'Globo','Erdogan vence sob contestação.'
17,'abril',2017,'Globo','Ataque suicida matou 80 crianças.'
17,'abril',2017,'Globo','Área do Planetário vai a leilão amanhã.'
17,'abril',2017,'Globo','Prefeitura quer verticalizar favela.'
17,'abril',2017,'Folha','Plebiscito dá superpoder ao presidente da Turquia.'
17,'abril',2017,'Folha','Repasse ilícito da Odebrecht se manteve mesmo com Lava-Jato.'
17,'abril',2017,'Folha','OAB pressiona STF a convocar juízes auxiliares para acelerar apuração.'
17,'abril',2017,'Folha','Elmar Nascimento: Rezo todos os dias para não ter que cassar nenhum colega.'
17,'abril',2017,'Folha','Embaixada do Brasil cria plano de fuga da Coreia.'
17,'abril',2017,'Folha','Idade mínima da aposentadoria deve subir a cada 2 anos.'
17,'abril',2017,'Folha','Nelson Barbosa: Corte de gastas ameaça retomada da economia.'
17,'abril',2017,'Folha','Embaixada do Brasil cria plano de fuga da Coreia.'
17,'abril',2017,'Estado','Maioria dos inquéritos abertos pelo Supremo investigará "achaques".'
17,'abril',2017,'Estado','O eleitor paga a conta da propina.'
17,'abril',2017,'Estado','Turquia aprova mais poderes para Erdogan em referendo.'
17,'abril',2017,'Estado','Vice dos EUA vai a Seul tratar de crise.'
17,'abril',2017,'Estado','PF indicia 63 suspeitos na Operação Carne Fraca.'
17,'abril',2017,'Estado','Novatos reeditam polarização na Câmara'
17,'abril',2017,'Estado','Reforma mantém privilégio de setores na Previdência.'
17,'abril',2017,'Estado','"Efeito Uber" tira clientes de valet e estacionamentos.'
17,'julho',2017,'Valor','Exportação de veículos tem impulso frágil.'
17,'julho',2017,'Valor','Permuta entre Shell e Cosan na Comgás.'
17,'julho',2017,'Valor','Novo impasse divide Oi, credores e Anatel.'
17,'julho',2017,'Valor','China retalia países que pressionam por abertura.'
17,'julho',2017,'Valor','Royalties da mineração vão aumentar.'
17,'julho',2017,'Globo','Chineses planejam investir R$ 32 bi no Rio.'
23,'dezembro',2016,'Valor','Supremo homologa delação da Odebrecht, mas mantém sigilo.'
23,'dezembro',2016,'Valor','Contas inativas do FGTS devem injetar R$ 41 bi na economia.'
23,'dezembro',2016,'Valor','Trump demite secretária que questionou veto.'
23,'dezembro',2016,'Valor','Contas do govertno têm maior rombo da história.'
23,'dezembro',2016,'Valor','Doria congela R$ 2,6 bi de Saúde e Educação.'
23,'dezembro',2016,'Valor','Febre amarela: país tem 120 casos e investiga 623.'
23,'dezembro',2016,'Folha','Pacote de Temer tenta agradar a trabalhadores e empresários.'
23,'dezembro',2016,'Folha','Presidente afirma que não pensa em renunciar ao cargo.'
23,'dezembro',2016,'Folha','Assad retoma Aleppo e obtém a maior vitória na guerra síria.'
23,'dezembro',2016,'Folha','Odebrecht diz ter agido para manter influência de Lula.'
23,'dezembro',2016,'Folha','Exército admite que militar foi infiltrado em ato contra o governo.'
23,'dezembro',2016,'Estado','Temer libera saque total das contas inativas do FGTS.'
23,'dezembro',2016,'Estado','Acordo terá força de lei na área trabalhista.'
23,'dezembro',2016,'Estado','''Não tirarei o Padilha", diz Temer.'
23,'dezembro',2016,'Estado','Cabral e mulher viajavam para o exterior três vezes por mês.'
23,'dezembro',2016,'Estado','Odebrecht deu R$ 50 mi para eleição de Dilma, indicam EUA.'
23,'dezembro',2016,'Globo','Reforma moderniza lei e dá mais poder a sindicatos.'
23,'dezembro',2016,'Globo','EUA vão fiscalizar Odebrecht e Braskem.'
23,'dezembro',2016,'Globo','Temer: ''Nunca caí de pinguela''.'
23,'dezembro',2016,'Globo','Saque do FGTS não terá limite.'
23,'dezembro',2016,'Globo','Violência no Rio: Assassinatos sobem 41,37%.'
23,'agosto',2017,'Estado','Chico volta atual nas letras e clássico nas canções.'
23,'agosto',2017,'Estado','Cena contemporânea chega a maioridade com peças de quatro países.'
23,'agosto',2017,'Estado','Show marca amizade entre Rico Dalasam e Russo Passapusso.'
23,'agosto',2017,'Estado','“Corpo Elétrico” fala sobre amor e liberdade sem fazer análises morais.'
23,'agosto',2017,'Estado','As 30 melhores séries de todos os tempos segundo a Rolling Stone.'
23,'agosto',2017,'Estado','Morgan Freeman receberá prêmio honorário do Sindicato dos Atores.'
23,'agosto',2017,'Estado','BBC elege as 100 melhores comédias de todos os tempos.'
23,'agosto',2017,'Estado','Festival de Brasília divulga programação da edição 2017.'
23,'agosto',2017,'Estado','Morrissey volta com novo álbum, fiel às críticas políticas'
23,'agosto',2017,'Estado','Taylor Swift anuncia novo álbum “Reputation”, uma semana após vitória na Justiça.'
24,'julho',2017,'Globo','Batalhão da PM vira abrigo em tiroteio na Linha Vermelha.'
25,'julho',2017,'Globo','Oposição ganha apoio em massa na Venezuela.'
26,'julho',2017,'Globo','Fundo da Cedae é investigado.'
27,'julho',2017,'Globo','Dilma gastou mais depois do mandato.'
28,'julho',2017,'Folha','Teto a todo aposentado geraria R$ 50 bi por ano.'
29,'julho',2017,'Folha','Temer usará reformas para se fortalecer contra denúncia.'
30,'julho',2017,'Folha','Celso Souza Barros: Esquerda precisa viver sem a ideia de Lula no páreo.'
31,'julho',2017,'Folha','Isabela, mulher de Odebrecht, vira personagem na carceragem da PF.'
31,'dezembro',2016,'Valor','Atuação de Trump contraria empresas e afeta mercados.'
31,'dezembro',2016,'Valor','Despesas da União tiveram aumento real.'
31,'dezembro',2016,'Valor','Planalto teme vazamento aós homologações.'
31,'dezembro',2016,'Valor','Eike é preso e empresas se explicam.'
31,'dezembro',2016,'Valor','Chaim zaher recompra o sistema Pureri Domus.'
31,'dezembro',2016,'Valor','Macri restringe imigração e causa polêmica.'
31,'dezembro',2016,'Globo','Ao alcance da lei: Eike está em Bangu e deve delatar.'
31,'dezembro',2016,'Globo','Confissões da Odebrecht já valem.'
31,'dezembro',2016,'Globo','Canetadas de Trump deixam os EUA isolados.'
31,'dezembro',2016,'Globo','Empresas e bolsas reagem a barreiras para imigrantes.'
31,'dezembro',2016,'Folha','Cármen Lúcia quer sortear relatoria entre 5 ministros.'
31,'dezembro',2016,'Folha','Hélio Schwartsman: Lava-Jato deve se converter no novo normal do país.'
31,'dezembro',2016,'Folha','Govwerno teve déficit recorde de R$ 154,2 bi no ano passado.'
31,'dezembro',2016,'Folha','Eike se entrega e indca que vai colaborar com investigações.'
31,'dezembro',2016,'Folha','Decreto de Trump deflagra batalhas política e jurídica.'
31,'dezembro',2016,'Folha','Ataque a mesquita no Canadá deixa ao menos seis mortos.'
31,'dezembro',2016,'Folha','Em um mês, Doria prioriza centro de SP e zeladoria.'
31,'dezembro',2016,'Estado','Supremo homologa delação da Odebrecht, mas mantém sigilo.'
31,'dezembro',2016,'Estado','Contas inativas do FGTS devem injetar R$ 41 bi na economia.'
31,'dezembro',2016,'Estado','Trump demite secretária que questionou veto.'
31,'dezembro',2016,'Estado','Contas do govertno têm maior rombo da história.'
31,'dezembro',2016,'Estado','Doria congela R$ 2,6 bi de Saúde e Educação.'
31,'dezembro',2016,'Estado','Febre amarela: país tem 120 casos e investiga 623.'
17,'julho',2017,'Folha','Fernando Haddad: PT e PSDB se mantiveram reféns do atraso.'
17,'julho',2017,'Folha','Plebiscito na Venezuela atrai eleitores contra gestão Maduro.'
17,'julho',2017,'Folha','Colômbia tenta convencer Cuba a mediar crise no país vizinho.'
17,'julho',2017,'Folha','Atendimento a baleados dispara em hospital do Rio.'
17,'julho',2017,'Estado','Dívida de inadimplentes supera em três vezes o salário.'
17,'julho',2017,'Estado','Ferrogrão ganha um concorrente.'
17,'julho',2017,'Estado','Marina: Candidatura hesitante.'
